name,price,image,clock speed,VRAM,manufacturer,model
Videokarte Gigabyte GeForce RTX 3060 Ti LHR version 8 GB GDDR6,950.07,https://images.1a.lv/display/aikido/store/1c571e5a58d494fc7392659a010a72f5.jpg?h=270&op=fit&w=374,14000 ,8 ,Gigabyte,GeForce RTX 3060 Ti
Videokarte Gigabyte Nvidia GeForce RTX 3060 Ti 8 GB GDDR6,890.0,https://images.1a.lv/display/aikido/store/60c196126957b30ad5b4e874ba3eec0b.jpg?h=270&op=fit&w=374,14000 ,8 ,Gigabyte,GeForce RTX 3060 Ti
Videokarte MSI Nvidia GeForce RTX 3060 Ti GeForce RTX 3060 Ti 8 GB GDDR6,1003.57,https://images.1a.lv/display/aikido/store/167beee4cb4388037118b905463de935.png?h=270&op=fit&w=374,1700 ,8 ,MSI,GeForce RTX 3060 Ti
Videokarte Gigabyte Nvidia GeForce RTX 3060 12 GB GDDR6,900.24,https://images.1a.lv/display/aikido/store/c0307a2cf9da7046df31b5e92533ef55.jpg?h=270&op=fit&w=374,15000 ,12 ,Gigabyte,GeForce RTX 3060
Videokarte Gigabyte GeForce GT 710 GV-N710D3-2GL 2 GB GDDR3,59.99,https://images.1a.lv/display/aikido/store/9cb1b11e85cbb119e8b7f9c6180a0d26.jpg?h=270&op=fit&w=374,1800 ,2 ,Gigabyte,GeForce GT 710
Videokarte MSI GeForce GT 1030 GT1030AEROITX2GD4OC 2 GB GDDR4,112.8,https://images.1a.lv/display/aikido/store/c539b1583ab6e7494edd0e7f8ff04989.jpg?h=270&op=fit&w=374,2100 ,2 ,MSI,GeForce GT 1030
Videokarte MSI Nvidia GeForce RTX 3060 12 GB GDDR6,906.03,https://images.1a.lv/display/aikido/store/911821f8f51c852e25e4e0f9df98d175.jpg?h=270&op=fit&w=374,15000 ,12 ,MSI,GeForce RTX 3060
Videokarte Asus GeForce GT 1030 PH-GT1030-O2G 2 GB GDDR5,126.19,https://images.1a.lv/display/aikido/store/309078d08178e974e3202a7f2f1d0eff.jpg?h=270&op=fit&w=374,6008 ,2 ,Asus,GeForce GT 1030
Videokarte Asus GeForce GT 1030 GT1030-2G-BRK 2 GB GDDR5,110.0,https://images.1a.lv/display/aikido/store/34dea245830d3329ccbbdc476f54c13d.jpg?h=270&op=fit&w=374,6008 ,2 ,Asus,GeForce GT 1030
Videokarte MSI Nvidia GeForce RTX 3070 8 GB GDDR6,1353.44,https://images.1a.lv/display/aikido/store/3564f15889b3b6913849e83091753eb8.jpg?h=270&op=fit&w=374,14000 ,8 ,MSI,GeForce RTX 3070
Videokarte MSI Nvidia GeForce RTX 3080 Ti 12 GB GDDR6X,2047.31,https://images.1a.lv/display/aikido/store/01c1c57d36172fe0c423af1565a3bdbe.jpg?h=270&op=fit&w=374,19000 ,12 ,MSI,GeForce RTX 3080 Ti
Videokarte PNY Quadro P620 2 GB GDDR5,216.7,https://images.1a.lv/display/aikido/store/a1f893a91207cb54689abca0f2d7ebe0.jpeg?h=270&op=fit&w=374,1266 ,2 ,PNY,Quadro P620
Videokarte Gigabyte GeForce GTX 1050 TI GV-N105TOC-4GL 4 GB GDDR5,334.29,https://images.1a.lv/display/aikido/store/08210af391604c416cd1074a899a003a.jpg?h=270&op=fit&w=374,7008 ,4 ,Gigabyte,GeForce GTX 1050 TI
Videokarte Asus Nvidia GeForce RTX 3080 Ti 12 GB GDDR6X,2000.0,https://images.1a.lv/display/aikido/store/edccbccb0c2a04b8dc478de2488c7569.jpg?h=270&op=fit&w=374,19000 ,12 ,Asus,GeForce RTX 3080 Ti
Videokarte Asus Nvidia GeForce RTX 3060 Ti 8 GB GDDR6,1038.87,https://images.1a.lv/display/aikido/store/7ef639dfca9fb3aa70f35cea7d9381cf.jpg?h=270&op=fit&w=374,14000 ,8 ,Asus,GeForce RTX 3060 Ti
Videokarte Gigabyte Nvidia GeForce RTX 3060 12 GB GDDR6,904.02,https://images.1a.lv/display/aikido/store/77c391bbf9d5775a4cd35dd8db14d2c9.jpg?h=270&op=fit&w=374,15000 ,12 ,Gigabyte,GeForce RTX 3060
Videokarte Asus AMD Radeon RX 6900 XT 16 GB GDDR6,2165.0,https://images.1a.lv/display/aikido/store/cec234c9caa6eb4a8facaf7a3d3dfba2.jpg?h=270&op=fit&w=374,16000 ,16 ,Asus,AMD Radeon RX 6900 XT
Videokarte Asus Nvidia GeForce RTX 3080 Ti 12 GB GDDR6X,2340.11,https://images.1a.lv/display/aikido/store/8cf64eaad0081a1985d2a5dc48892401.jpg?h=270&op=fit&w=374,19000 ,12 ,Asus,GeForce RTX 3080 Ti
Videokarte Gigabyte Nvidia GeForce RTX 3090 GV-N3090VISIONOC-24GD 24 GB GDDR6X,3050.0,https://images.1a.lv/display/aikido/store/6dffa71d892a1a5865b712a4b7a5ac47.jpg?h=270&op=fit&w=374,1755 ,24 ,Gigabyte,GeForce RTX 3090
Videokarte Gigabyte Nvidia GeForce RTX 3080 Ti 12 GB GDDR6X,1995.0,https://images.1a.lv/display/aikido/store/99624efe18659218293c9bd2adb99e15.jpg?h=270&op=fit&w=374,19000 ,12 ,Gigabyte,GeForce RTX 3080 Ti
Videokarte Gigabyte AMD Radeon RX 6900 XT 16 GB GDDR6,2015.0,https://images.1a.lv/display/aikido/store/5657bbf9012d258e55c1203685ac7631.jpg?h=270&op=fit&w=374,16000 ,16 ,Gigabyte,AMD Radeon RX 6900 XT
Videokarte Gigabyte Radeon RX 580 GV-RX580GAMING-8GDV2 8 GB GDDR5,864.47,https://images.1a.lv/display/aikido/store/2dac58be2d84441a4bf94837e400ef97.jpg?h=270&op=fit&w=374,1340 ,8 ,Gigabyte,Radeon RX 580
Videokarte Manli GeForce GTX 1050 TI 4 GB GDDR5,371.36,https://images.1a.lv/display/aikido/store/3cc9edbc5cca203ed0b9113c5e733dd6.jpg?h=270&op=fit&w=374,7008 ,4 ,Manli,GeForce GTX 1050 TI
Videokarte Afox AMD Radeon R5 220 2 GB GDDR3,47.0,https://images.1a.lv/display/aikido/store/dd889619dd9997bd3136e3363fdb7358.jpg?h=270&op=fit&w=374,1333 ,2 ,Afox,AMD Radeon R5 220
Videokarte Gigabyte Nvidia GeForce RTX 3070 GV-N3070GAMINGOC-8GD 8 GB GDDR6,1116.68,https://images.1a.lv/display/aikido/store/ae5563c896c500768b00ba24606d1d50.jpg?h=270&op=fit&w=374,1815 ,8 ,Gigabyte,GeForce RTX 3070
Videokarte Gigabyte GeForce GT 1030 GV-N1030D4-2GL 2 GB GDDR4,93.0,https://images.1a.lv/display/aikido/store/314be9b204af8c0db3ab8d800209ed71.jpg?h=270&op=fit&w=374,2100 ,2 ,Gigabyte,GeForce GT 1030
Videokarte Sapphire AMD Radeon RX 6900 XT Limited Edition 16 GB GDDR6,1907.75,https://images.1a.lv/display/aikido/store/eb1c848a0772abb2b06d0e58dce817f9.jpg?h=270&op=fit&w=374,2135 ,16 ,Sapphire,AMD Radeon RX 6900 XT
Videokarte Asus GeForce RTX 3060 Phoenix 12 GB GDDR6,798.04,https://images.1a.lv/display/aikido/store/402471efd277d3da0e1611c8566a65dd.jpg?h=270&op=fit&w=374,1807 ,12 ,Asus,GeForce RTX 3060
Videokarte MSI Nvidia GeForce RTX 3060 Ti Gaming Z Trio LHR 8 GB GDDR6,1070.0,https://images.1a.lv/display/aikido/store/8b6b692dff724a811942788fc10c0b71.jpg?h=270&op=fit&w=374,1845 ,8 ,MSI,GeForce RTX 3060 Ti
Videokarte MSI GeForce GT 710 GT 710 2GD3H LP 2 GB GDDR3,105.0,https://images.1a.lv/display/aikido/store/ac2241050e0569a000f705f097e187a0.jpg?h=270&op=fit&w=374,1600 ,2 ,MSI,GeForce GT 710
Videokarte Asus GeForce GT 710 GT710-SL-2GD5-BRK 2 GB GDDR5,70.0,https://images.1a.lv/display/aikido/store/cdb07a4430f3aea0f0dbdef9d49ce040.jpg?h=270&op=fit&w=374,5012 ,2 ,Asus,GeForce GT 710
Videokarte Sapphire Radeon RX 580 11265-05-20G 8 GB GDDR5,832.95,https://images.1a.lv/display/aikido/store/63bc5b29eae291687e36a83e59c3c181.jpg?h=270&op=fit&w=374,8000 ,8 ,Sapphire,Radeon RX 580
Videokarte Asus GeForce RTX 3080 Ti 12 GB GDDR6X,1970.08,https://images.1a.lv/display/aikido/store/f9437d2d1951321102dc23cb2a616058.jpg?h=270&op=fit&w=374,1665 ,12 ,Asus,GeForce RTX 3080 Ti
Videokarte MSI GeForce GT 1030 2GB DDR4 LP OC GT10302GHD4LPOC,100.88,https://images.1a.lv/display/aikido/store/868f4d1133ff88101c8b86fa8ed15f0e.jpg?h=270&op=fit&w=374,2100 ,2 ,MSI,GeForce GT 1030
Videokarte Afox GeForce GT 730 AF730-4096D3L6 4 GB GDDR3,122.44,https://images.1a.lv/display/aikido/store/fda3726c80e568290068f94f0dc5485e.jpg?h=270&op=fit&w=374,700 ,4 ,Afox,GeForce GT 730
Videokarte PNY Nvidia RTX A5000 24 GB GDDR6,2824.02,https://images.1a.lv/display/aikido/store/328ea820427cb314efa80d3eb79f9888.jpeg?h=270&op=fit&w=374,1695 ,24 ,PNY,Nvidia RTX A5000
Videokarte Zotac GeForce GT 710 ZT-71302-20L 2 GB GDDR3,77.6,https://images.1a.lv/display/aikido/store/eb89fb1b4bd5a352b3afe86d9c70872b.jpg?h=270&op=fit&w=374,1600 ,2 ,Zotac,GeForce GT 710
Videokarte EVGA GeForce RTX 2060 06G-P4-2062-KR 6 GB GDDR6,675.0,https://images.1a.lv/display/aikido/store/b77e3ce7c445cfcd41c0ec0b193c92d1.jpg?h=270&op=fit&w=374,14000 ,6 ,EVGA,GeForce RTX 2060
Videokarte Gigabyte GeForce RTX 2060 6 GB GDDR6,683.71,https://images.1a.lv/display/aikido/store/e7a22959c1982e4d2555bf0af6190d46.jpg?h=270&op=fit&w=374,14000 ,6 ,Gigabyte,GeForce RTX 2060
Videokarte Gigabyte Radeon RX 6700 XT 12 GB GDDR6,1080.0,https://images.1a.lv/display/aikido/store/5694a3c0f112da5c2d2afb00519c2bb1.jpg?h=270&op=fit&w=374,16000 ,12 ,Gigabyte,Radeon RX 6700 XT
Videokarte Asus GeForce GT 1030 GT1030-SL-2G-BRK 2 GB GDDR5,103.99,https://images.1a.lv/display/aikido/store/08f2c9260eefc52ed5bad7154022db30.jpg?h=270&op=fit&w=374,6008 ,2 ,Asus,GeForce GT 1030
Videokarte Asus GeForce GT 710 GT710-SL-1GD5 1 GB GDDR5,54.0,https://images.1a.lv/display/aikido/store/7286f9ac831efcee3e20ae1a3de5e7e7.jpg?h=270&op=fit&w=374,5012 ,1 ,Asus,GeForce GT 710
Videokarte Gigabyte GV-N306TAORUS 4719331309541 8 GB GDDR6,949.0,https://images.1a.lv/display/aikido/store/32a780a0d3731bd0162f24c081f9a8f2.png?h=270&op=fit&w=374,1665 ,8 ,Gigabyte,GV-N306TAORUS
Videokarte XFX Radeon RX 580 RX-580P8DFD6 8 GB GDDR5,699.0,https://images.1a.lv/display/aikido/store/46cd0b6e6529ac1ae61c580de1c007b7.jpg?h=270&op=fit&w=374,8000 ,8 ,XFX,Radeon RX 580
Videokarte Asus Nvidia GeForce RTX 3060 Ti TUF 8 GB GDDR6 8 GB GDDR6,978.33,https://images.1a.lv/display/aikido/store/3a0028f2d0d8dd67ed8cd6dc0b6eaad5.jpg?h=270&op=fit&w=374,1765 ,8 ,Asus,GeForce RTX 3060 Ti
Videokarte Sapphire AMD Radeon RX 6900 XT 16 GB GDDR6,2010.0,https://images.1a.lv/display/aikido/store/0ae549a4067e8a3ec41b42050dfe31f8.jpg?h=270&op=fit&w=374,16000 ,16 ,Sapphire,AMD Radeon RX 6900 XT
Videokarte Gigabyte Nvidia GeForce RTX 3070 Ti 8 GB GDDR6X,1431.84,https://images.1a.lv/display/aikido/store/09f37dee4adfde3fdfea98f3a84c02ad.jpg?h=270&op=fit&w=374,19000 ,8 ,Gigabyte,GeForce RTX 3070 Ti
Videokarte MSI AMD Radeon RX 6900 XT 16 GB GDDR6,1833.51,https://images.1a.lv/display/aikido/store/9e0e543020af719ee6d3bc175a8e0a4b.jpg?h=270&op=fit&w=374,2425 ,16 ,MSI,AMD Radeon RX 6900 XT
Videokarte Zotac GeForce RTX 2060 ZT-T20600H-10M 6 GB GDDR6,771.06,https://images.1a.lv/display/aikido/store/b82df4db6bfe1e4787bb105c92f73a78.jpg?h=270&op=fit&w=374,14000 ,6 ,Zotac,GeForce RTX 2060
Videokarte MSI Nvidia GeForce RTX 3080 Gaming Z Trio 10G LHR 10 GB GDDR6,1638.0,https://images.1a.lv/display/aikido/store/fd5e052746f765a7f34b1921f2edaf4e.jpg?h=270&op=fit&w=374,1830 ,10 ,MSI,GeForce RTX 3080
Videokarte PNY NVIDIA T1000 4 GB GDDR6,401.55,https://images.1a.lv/display/aikido/store/c416d432ce313d64cb9d7e848ccce59f.jpg?h=270&op=fit&w=374,8000 ,4 ,PNY,NVIDIA T1000
Videokarte ASRock AMD Radeon RX 5500 XT 90-GA1LZZ-00UANF 8 GB GDDR6,704.68,https://images.1a.lv/display/aikido/store/569860562da4ebbd20984be9a11fa2a8.jpg?h=270&op=fit&w=374,1737 ,8 ,ASRock,AMD Radeon RX 5500 XT
Videokarte ASRock AMD Radeon RX 6800 16 GB GDDR6,1644.25,https://images.1a.lv/display/aikido/store/4b879fc443a6a97bf365ebd3c1bab6c0.jpg?h=270&op=fit&w=374,16000 ,16 ,ASRock,AMD Radeon RX 6800
Videokarte Palit GeForce GT 1030 NEC103000646-1082F 2 GB GDDR4,109.15,https://images.1a.lv/display/aikido/store/d8e9df8041ab1a844759f96ddc1eb3f7.jpg?h=270&op=fit&w=374,2100 ,2 ,Palit,GeForce GT 1030
Videokarte Palit GeForce GT 710 NEAT7100HD46H 2 GB GDDR3,63.0,https://images.1a.lv/display/aikido/store/a1c3fca1187d20f66b1739b253578db8.jpg?h=270&op=fit&w=374,800 ,2 ,Palit,GeForce GT 710
Videokarte PNY Nvidia T400 2 GB GDDR6,151.67,https://images.1a.lv/display/aikido/store/3c1c271b4365ad6ffcae6dc0d659718d.jpeg?h=270&op=fit&w=374,420 ,2 ,PNY,Nvidia T400
Videokarte Asus GeForce GT 710 GT710-4H-SL-2GD5 2 GB GDDR5,90.0,https://images.1a.lv/display/aikido/store/e71558fb4173050c9ad7b974b8dd6541.jpg?h=270&op=fit&w=374,954 ,2 ,Asus,GeForce GT 710
Videokarte Gigabyte Aorus GeForce RTX 3070 Ti Master 8GB GDDR6X PCIE,1349.0,https://images.1a.lv/display/aikido/store/f0281eee6857aedbbfacbbcaed07f42e.jpg?h=270&op=fit&w=374,19000 ,8 ,Gigabyte,GeForce RTX 3070 Ti
Videokarte Gigabyte AORUS GeForce RTX 3070 MASTER 8G (rev. 2.0) 8 GB GDDR6,1175.0,https://images.1a.lv/display/aikido/store/df79fcfdce44804057ca99862cc16b94.jpeg?h=270&op=fit&w=374,14000 ,8 ,Gigabyte,GeForce RTX 3070
Videokarte Sapphire Radeon RX 6700 XT PULSE AMD Radeon RX 6700 XT 12 GB GDDR6,1125.0,https://images.1a.lv/display/aikido/store/a16b1a71fea4d71616cbf825e5333908.jpg?h=270&op=fit&w=374,2581 ,12 ,Sapphire,Radeon RX 6700 XT
Videokarte KFA2 GeForce GT 1030 30NPH4HVQ4SK 2 GB GDDR5,96.0,https://images.1a.lv/display/aikido/store/0d78f46804a6c8e9f212c90319ad94f2.jpg?h=270&op=fit&w=374,1227 ,2 ,KFA2,GeForce GT 1030
Videokarte Zotac GeForce GT 730 ZT-71115-20L 4 GB GDDR3,110.97,https://images.1a.lv/display/aikido/store/e19f57781c474d3b79f9532fe33aed7e.jpg?h=270&op=fit&w=374,902 ,4 ,Zotac,GeForce GT 730
Videokarte Gigabyte GeForce GT 730 GV-N730D5-2GL 2 GB GDDR5,92.0,https://images.1a.lv/display/aikido/store/c23c55d7d9c14e40323a2a112247e231.jpg?h=270&op=fit&w=374,5000 ,2 ,Gigabyte,GeForce GT 730
Videokarte Gigabyte Nvidia GeForce RTX 3060 12 GB GDDR6,834.77,https://images.1a.lv/display/aikido/store/0706b4923ec876838de0c599b8c1ac2d.jpg?h=270&op=fit&w=374,15000 ,12 ,Gigabyte,GeForce RTX 3060
Videokarte MSI GeForce GT 730 N730K-2GD3H/LP 2 GB GDDR3,69.0,https://images.1a.lv/display/aikido/store/ed0d1a4f75047df78b08ed1f56c4498a.jpg?h=270&op=fit&w=374,1600 ,2 ,MSI,GeForce GT 730
Videokarte MSI Nvidia GeForce RTX 3060 12 GB GDDR6,911.6,https://images.1a.lv/display/aikido/store/e52741afc3a794c51bbaa966bcb059ac.jpg?h=270&op=fit&w=374,15000 ,12 ,MSI,GeForce RTX 3060
Videokarte Lenovo Nvidia T600 4X61E26090 4 GB GDDR6,219.82,https://images.1a.lv/display/aikido/store/96c1abb7a8e9538b57c060b45da51fa3.jpeg?h=270&op=fit&w=374,1400 ,4 ,Lenovo,Nvidia T600
Videokarte PNY Quadro P620 VCQP620DVIV2-PB 2 GB GDDR5,214.92,https://images.1a.lv/display/aikido/store/a042dc28c08f7396e77121759f6b96cb.jpg?h=270&op=fit&w=374,8000 ,2 ,PNY,Quadro P620
Videokarte PNY Quadro P620 VCQP620DVIV2-PB 2 GB GDDR5,222.28,https://images.1a.lv/display/aikido/store/6cf885740acd59b0dfc2cb3f1de7ae38.jpg?h=270&op=fit&w=374,8000 ,2 ,PNY,Quadro P620
Videokarte Asus GeForce RTX 3060 Ti 8 GB GDDR6,1045.5,https://images.1a.lv/display/aikido/store/fe16995dcb4b8b8fb8fa616e8f0eb029.jpeg?h=270&op=fit&w=374,1860 ,8 ,Asus,GeForce RTX 3060 Ti
Videokarte Zotac GeForce GT 730 ZT-71113-20L 2 GB GDDR3,82.24,https://images.1a.lv/display/aikido/store/578b958d36a5a37aa9f3a582bf6789e2.jpg?h=270&op=fit&w=374,1600 ,2 ,Zotac,GeForce GT 730
Videokarte MSI AMD Radeon RX 6700 XT 12 GB GDDR6,1168.75,https://images.1a.lv/display/aikido/store/1c5c306cf2162a0e5d3fff4acf368ba5.jpg?h=270&op=fit&w=374,2622 ,12 ,MSI,Radeon RX 6700 XT
Videokarte Gigabyte AMD Radeon RX 6900 XT 16 GB GDDR6,2059.81,https://images.1a.lv/display/aikido/store/47a97839cf45ea08d41de8796afe7a03.jpg?h=270&op=fit&w=374,16000 ,16 ,Gigabyte,AMD Radeon RX 6900 XT
Videokarte Zotac GeForce GTX 1660 ZT-T16600K-10M 6 GB GDDR5,682.3,https://images.1a.lv/display/aikido/store/c8f7b69ae32abbea49b57c6f8d12018d.jpg?h=270&op=fit&w=374,8000 ,6 ,Zotac,GeForce GTX 1660
Videokarte Gigabyte GeForce GT 730 GV-N730D5-2GIV2.0 2 GB GDDR5,87.31,https://images.1a.lv/display/aikido/store/23ba401331199a642f0aae2fe3cf2ede.jpg?h=270&op=fit&w=374,902 ,2 ,Gigabyte,GeForce GT 730
Videokarte Gigabyte GeForce GT 730 GV-N730D3-2GI 3.0 2 GB GDDR3,81.0,https://images.1a.lv/display/aikido/store/490cfd4200f5dab05d52dc2a4413ba20.jpg?h=270&op=fit&w=374,1600 ,2 ,Gigabyte,GeForce GT 730
Videokarte Asus TUF Gaming GeForce GTX 1660 Ti EVO 6 GB GDDR6,687.12,https://images.1a.lv/display/aikido/store/b16263663779267fb8eb1dbc2d2689d6.jpeg?h=270&op=fit&w=374,1815 ,6 ,Asus,GeForce GTX 1660 Ti
Videokarte PowerColor AMD Radeon RX 6700 XT 12 GB GDDR6,1170.23,https://images.1a.lv/display/aikido/store/f6d340a804fac1124c79c3f0d195def5.jpg?h=270&op=fit&w=374,16000 ,12 ,PowerColor,Radeon RX 6700 XT
Videokarte Afox GeForce GT 730 2 GB GDDR3,71.0,https://images.1a.lv/display/aikido/store/8225561062808647c17d9858fffe46c4.jpg?h=270&op=fit&w=374,1333 ,2 ,Afox,GeForce GT 730
Videokarte PNY Quadro P1000 VCQP1000DVIV2-PB 4 GB GDDR5,414.73,https://images.1a.lv/display/aikido/store/919c8abaf5238618b2adc3652e177345.jpg?h=270&op=fit&w=374,3200 ,4 ,PNY,Quadro P1000
Videokarte Gigabyte GeForce GT 710 GV-N710D5-2GIL 2 GB GDDR5,82.0,https://images.1a.lv/display/aikido/store/1f5345c46f8a219e3201fa9853f2e931.jpg?h=270&op=fit&w=374,954 ,2 ,Gigabyte,GeForce GT 710
Videokarte KFA2 GeForce RTX 3080 10 GB GDDR6X,1624.02,https://images.1a.lv/display/aikido/store/912662ce10edf0349d2f43ed39c59e13.jpeg?h=270&op=fit&w=374,19000 ,10 ,KFA2,GeForce RTX 3080
Videokarte Asus GeForce RTX 3060 Ti ROG STRIX V2 GAMING 8 GB GDDR6,1055.92,https://images.1a.lv/display/aikido/store/a6a99e03988259bcbb08923bcab05c6b.jpeg?h=270&op=fit&w=374,1665 ,8 ,Asus,GeForce RTX 3060 Ti
Videokarte Zotac GeForce RTX 3080 Trinity LHR 10 GB GDDR6X,1882.57,https://images.1a.lv/display/aikido/store/47b79a47999ca21e7e260a9a3480120c.jpeg?h=270&op=fit&w=374,19000 ,10 ,Zotac,GeForce RTX 3080
Videokarte PNY NVIDIA T1000 4 GB GDDR6,413.48,https://images.1a.lv/display/aikido/store/cb71a1291383f2dbb1bb1e45ab99a538.jpg?h=270&op=fit&w=374,1065 ,4 ,PNY,NVIDIA T1000
Videokarte PNY Quadro P400 VCQP400DVIV2-PB 2 GB GDDR5,143.75,https://images.1a.lv/display/aikido/store/598e9b36f3374d50331ecdfa19c6e051.jpg?h=270&op=fit&w=374,3200 ,2 ,PNY,Quadro P400
Videokarte MSI GeForce GT 730 2 GB GDDR5,75.59,https://images.1a.lv/display/aikido/store/e673793e349ba6368aed1256c54dadd9.jpeg?h=270&op=fit&w=374,902 ,2 ,MSI,GeForce GT 730
Videokarte PNY Nvidia T600 4 GB GDDR6,248.9,https://images.1a.lv/display/aikido/store/370fd22ab6b3c60ed7f229a544117502.jpeg?h=270&op=fit&w=374,735 ,4 ,PNY,Nvidia T600
Videokarte Sapphire AMD Radeon RX 6900 XT Air Cooled 16 GB GDDR6,1929.89,https://images.1a.lv/display/aikido/store/1f12dc7c3cd704b4eeeb37631fd4e1f5.jpg?h=270&op=fit&w=374,2235 ,16 ,Sapphire,AMD Radeon RX 6900 XT
Videokarte Gainward GeForce GT 1030 426018336-4085 2 GB GDDR4,104.76,https://images.1a.lv/display/aikido/store/39106ff1f715d469d5141eb7669e5a8a.jpg?h=270&op=fit&w=374,1050 ,2 ,Gainward,GeForce GT 1030
Videokarte Gigabyte GeForce RTX 2060 GV-N2060OC-6GD 6 GB GDDR6,800.0,https://images.1a.lv/display/aikido/store/6c963bdb6322a52084a74e89edc61a95.jpg?h=270&op=fit&w=374,1755 ,6 ,Gigabyte,GeForce RTX 2060
Videokarte Gainward GeForce GT 730 426018336-3224 2 GB GDDR3,78.0,https://images.1a.lv/display/aikido/store/25675f34816b7e348d4ed29b61a139e0.jpg?h=270&op=fit&w=374,900 ,2 ,Gainward,GeForce GT 730
Videokarte MSI AMD Radeon RX 6700 XT 12 GB GDDR6,1193.63,https://images.1a.lv/display/aikido/store/c6640a975b619b289ad73c554e728a0a.jpg?h=270&op=fit&w=374,16000 ,12 ,MSI,Radeon RX 6700 XT
Videokarte Asus GeForce GTX 1660 PH-GTX1660-O6G 6 GB GDDR5,600.06,https://images.1a.lv/display/aikido/store/3a23d3b215c0454accf5b7539a5aa663.jpg?h=270&op=fit&w=374,1530 ,6 ,Asus,GeForce GTX 1660
Videokarte PNY Quadro RTX 4000 8 GB GDDR6,1048.71,https://images.1a.lv/display/aikido/store/791d73f8048614b8a635137a83c1320b.jpeg?h=270&op=fit&w=374,1625 ,8 ,PNY,Quadro RTX 4000
Videokarte PNY Quadro P400 VCQP400V2-SB 2 GB GDDR5,141.23,https://images.1a.lv/display/aikido/store/09b0a1722c7068eff918b4f171fa9a39.jpeg?h=270&op=fit&w=374,1002 ,2 ,PNY,Quadro P400
Videokarte PNY GeForce RTX 3060 Ti 8 GB GDDR6,960.55,https://images.1a.lv/display/aikido/store/ed24b61a9f4b22b081e3e94227577935.jpeg?h=270&op=fit&w=374,1410 ,8 ,PNY,GeForce RTX 3060 Ti
Videokarte PNY Quadro P1000 4 GB GDDR5,418.2,https://images.1a.lv/display/aikido/store/2d920097c0138bfba83a6ecc792ce40b.jpeg?h=270&op=fit&w=374,1354 ,4 ,PNY,Quadro P1000
Videokarte XFX AMD Radeon RX 6700 XT 12 GB GDDR6,1123.91,https://images.1a.lv/display/aikido/store/3268ec1023277906d8474459e8eb8f68.jpg?h=270&op=fit&w=374,16000 ,12 ,XFX,Radeon RX 6700 XT
Videokarte Palit GeForce GTX 1660 6 GB GDDR5,527.05,https://images.1a.lv/display/aikido/store/3834e2adc2f02bc80da40b3067feebd9.jpg?h=270&op=fit&w=374,8000 ,6 ,Palit,GeForce GTX 1660
Videokarte MSI GeForce GTX 1660 Ti GTX1660TiVENTUSXS6GOC 6 GB GDDR6,643.78,https://images.1a.lv/display/aikido/store/013b385dd879a897f4a9aae06ce0f680.jpg?h=270&op=fit&w=374,12000 ,6 ,MSI,GeForce GTX 1660 Ti
Videokarte Gigabyte Nvidia GeForce RTX 3060 Ti 8 GB GDDR6,975.37,https://images.1a.lv/display/aikido/store/d0acaea4a22a9da40122586083822fef.jpg?h=270&op=fit&w=374,14000 ,8 ,Gigabyte,GeForce RTX 3060 Ti
Videokarte Gigabyte Nvidia GeForce RTX 3060 12 GB GDDR6,811.37,https://images.1a.lv/display/aikido/store/3b3c18cb0e0b81860e1788efd227e260.jpg?h=270&op=fit&w=374,15000 ,12 ,Gigabyte,GeForce RTX 3060
Videokarte Gigabyte GeForce RTX 3060 Ti 8 GB GDDR6,958.76,https://images.1a.lv/display/aikido/store/46e673294b1e9d689e41a6c2dc90e066.jpeg?h=270&op=fit&w=374,1665 ,8 ,Gigabyte,GeForce RTX 3060 Ti
Videokarte Zotac Nvidia GeForce RTX 3080 10 GB GDDR6X,1774.08,https://images.1a.lv/display/aikido/store/7be2b67733b111249d4171e41074a327.jpg?h=270&op=fit&w=374,1725 ,10 ,Zotac,GeForce RTX 3080
Videokarte Gigabyte Nvidia GeForce RTX 3060 Ti 8 GB GDDR6,951.39,https://images.1a.lv/display/aikido/store/8099a3d43ea72947a1ff028318ee7777.jpg?h=270&op=fit&w=374,14000 ,8 ,Gigabyte,GeForce RTX 3060 Ti
Videokarte Gigabyte Nvidia GeForce RTX 3080 Ti 12 GB GDDR6X,2097.32,https://images.1a.lv/display/aikido/store/e88a1f384bc02dd007a2d7026658d62d.jpg?h=270&op=fit&w=374,19000 ,12 ,Gigabyte,GeForce RTX 3080 Ti
Videokarte Gigabyte Nvidia GeForce RTX 3080 Ti 12 GB GDDR6X,2188.92,https://images.1a.lv/display/aikido/store/9ae787a5759cc72864388e36929ebf69.jpg?h=270&op=fit&w=374,19000 ,12 ,Gigabyte,GeForce RTX 3080 Ti
Videokarte Gigabyte GeForce GTX 1650 GV-N1656WF2OC-4GD 2.0 4 GB GDDR6,348.41,https://images.1a.lv/display/aikido/store/fd1c1f6a3c055d4c24c9897c13fc86ab.jpg?h=270&op=fit&w=374,1650 ,4 ,Gigabyte,GeForce GTX 1650
Videokarte Gigabyte GeForce GTX 1650 GV-N1656OC-4GD 4 GB GDDR6,442.07,https://images.1a.lv/display/aikido/store/5f30aa1863c0ae91fe1d832785e7d9b2.jpg?h=270&op=fit&w=374,1635 ,4 ,Gigabyte,GeForce GTX 1650
Videokarte Gigabyte GeForce GTX 1050 TI GV-N105TD5-4GDV1.1 4 GB GDDR5,288.85,https://images.1a.lv/display/aikido/store/4c845304f6d7aa2a2bf0859ffcd25523.jpg?h=270&op=fit&w=374,1290 ,4 ,Gigabyte,GeForce GTX 1050 TI
